SET SQL_MODE="NO_AUTO_VALUE_ON_ZERO";

ALTER DATABASE happylucky CHARACTER SET = utf8;
ALTER DATABASE happylucky DEFAULT CHARACTER SET = utf8;
ALTER DATABASE happylucky COLLATE = utf8_general_ci;
ALTER DATABASE happylucky DEFAULT COLLATE = utf8_general_ci;

ALTER TABLE `amulet` ENGINE=InnoDB  DEFAULT CHARSET=utf8 AUTO_INCREMENT=3;
ALTER TABLE `amulet_image` ENGINE=InnoDB  DEFAULT CHARSET=utf8 AUTO_INCREMENT=1;
ALTER TABLE `amulet_product` ENGINE=InnoDB  DEFAULT CHARSET=utf8 AUTO_INCREMENT=7;
ALTER TABLE `amulet_type` ENGINE=InnoDB  DEFAULT CHARSET=utf8 AUTO_INCREMENT=4;
ALTER TABLE `amulet_type_image` ENGINE=InnoDB  DEFAULT CHARSET=utf8 AUTO_INCREMENT=1;
ALTER TABLE `country` ENGINE=InnoDB  DEFAULT CHARSET=utf8 AUTO_INCREMENT=243;
ALTER TABLE `customer_order` ENGINE=InnoDB  DEFAULT CHARSET=utf8 AUTO_INCREMENT=3;
ALTER TABLE `monk` ENGINE=InnoDB  DEFAULT CHARSET=utf8 AUTO_INCREMENT=13;
ALTER TABLE `monk_image` ENGINE=InnoDB  DEFAULT CHARSET=utf8 AUTO_INCREMENT=1;
ALTER TABLE `order_detail` ENGINE=InnoDB  DEFAULT CHARSET=utf8 AUTO_INCREMENT=9;
ALTER TABLE `product` ENGINE=InnoDB  DEFAULT CHARSET=utf8 AUTO_INCREMENT=9;
ALTER TABLE `product_batch` ENGINE=InnoDB  DEFAULT CHARSET=utf8 AUTO_INCREMENT=15;
ALTER TABLE `product_image` ENGINE=InnoDB  DEFAULT CHARSET=utf8 AUTO_INCREMENT=1;
ALTER TABLE `supplier` ENGINE=InnoDB  DEFAULT CHARSET=utf8 AUTO_INCREMENT=3;
ALTER TABLE `customer` ENGINE=InnoDB  DEFAULT CHARSET=utf8 AUTO_INCREMENT=3;
ALTER TABLE `user` ENGINE=InnoDB  DEFAULT CHARSET=utf8 AUTO_INCREMENT=2;
ALTER TABLE `session` ENGINE=InnoDB  DEFAULT CHARSET=utf8 AUTO_INCREMENT=1;

INSERT INTO `country` (`id`, `country_name`, `iso_code_2`, `iso_code_3`, `postcode_required`) VALUES
(1, 'Afghanistan', 'AF', 'AFG', 1),
(2, 'Albania', 'AL', 'ALB', 0),
(3, 'Algeria', 'DZ', 'DZA', 1),
(4, 'American Samoa', 'AS', 'ASM', 0),
(5, 'Andorra', 'AD', 'AND', 0),
(6, 'Angola', 'AO', 'AGO', 0),
(7, 'Anguilla', 'AI', 'AIA', 0),
(8, 'Antarctica', 'AQ', 'ATA', 1),
(9, 'Antigua and Barbuda', 'AG', 'ATG', 0),
(10, 'Argentina', 'AR', 'ARG', 1),
(11, 'Armenia', 'AM', 'ARM', 1),
(12, 'Aruba', 'AW', 'ABW', 0),
(13, 'Australia', 'AU', 'AUS', 1),
(14, 'Austria', 'AT', 'AUT', 1),
(15, 'Azerbaijan', 'AZ', 'AZE', 1),
(16, 'Bahamas', 'BS', 'BHS', 0),
(17, 'Bahrain', 'BH', 'BHR', 0),
(18, 'Bangladesh', 'BD', 'BGD', 1),
(19, 'Barbados', 'BB', 'BRB', 0),
(20, 'Belarus', 'BY', 'BLR', 1),
(21, 'Belgium', 'BE', 'BEL', 1),
(22, 'Belize', 'BZ', 'BLZ', 0),
(23, 'Benin', 'BJ', 'BEN', 0),
(24, 'Bermuda', 'BM', 'BMU', 0),
(25, 'Bhutan', 'BT', 'BTN', 0),
(26, 'Bolivia', 'BO', 'BOL', 0),
(27, 'Bosnia and Herzegowina', 'BA', 'BIH', 1),
(28, 'Botswana', 'BW', 'BWA', 0),
(29, 'Bouvet Island', 'BV', 'BVT', 1),
(30, 'Brazil', 'BR', 'BRA', 1),
(31, 'British Indian Ocean Territory', 'IO', 'IOT', 1),
(32, 'Brunei Darussalam', 'BN', 'BRN', 0),
(33, 'Bulgaria', 'BG', 'BGR', 1),
(34, 'Burkina Faso', 'BF', 'BFA', 0),
(35, 'Burundi', 'BI', 'BDI', 0),
(36, 'Cambodia', 'KH', 'KHM', 0),
(37, 'Cameroon', 'CM', 'CMR', 0),
(38, 'Canada', 'CA', 'CAN', 1),
(39, 'Cape Verde', 'CV', 'CPV', 0),
(40, 'Cayman Islands', 'KY', 'CYM', 0),
(41, 'Central African Republic', 'CF', 'CAF', 0),
(42, 'Chad', 'TD', 'TCD', 0),
(43, 'Chile', 'CL', 'CHL', 0),
(44, 'China', 'CN', 'CHN', 1),
(45, 'Christmas Island', 'CX', 'CXR', 1),
(46, 'Cocos (Keeling) Islands', 'CC', 'CCK', 1),
(47, 'Colombia', 'CO', 'COL', 0),
(48, 'Comoros', 'KM', 'COM', 1),
(49, 'Congo', 'CG', 'COG', 0),
(50, 'Cook Islands', 'CK', 'COK', 0),
(51, 'Costa Rica', 'CR', 'CRI', 0),
(52, 'Cote D''Ivoire', 'CI', 'CIV', 1),
(53, 'Croatia', 'HR', 'HRV', 1),
(54, 'Cuba', 'CU', 'CUB', 1),
(55, 'Cyprus', 'CY', 'CYP', 1),
(56, 'Czech Republic', 'CZ', 'CZE', 1),
(57, 'Denmark', 'DK', 'DNK', 1),
(58, 'Djibouti', 'DJ', 'DJI', 0),
(59, 'Dominica', 'DM', 'DMA', 0),
(60, 'Dominican Republic', 'DO', 'DOM', 0),
(61, 'East Timor', 'TP', 'TMP', 1),
(62, 'Ecuador', 'EC', 'ECU', 0),
(63, 'Egypt', 'EG', 'EGY', 0),
(64, 'El Salvador', 'SV', 'SLV', 0),
(65, 'Equatorial Guinea', 'GQ', 'GNQ', 0),
(66, 'Eritrea', 'ER', 'ERI', 0),
(67, 'Estonia', 'EE', 'EST', 1),
(68, 'Ethiopia', 'ET', 'ETH', 0),
(69, 'Falkland Islands (Malvinas)', 'FK', 'FLK', 1),
(70, 'Faroe Islands', 'FO', 'FRO', 1),
(71, 'Fiji', 'FJ', 'FJI', 0),
(72, 'Finland', 'FI', 'FIN', 1),
(73, 'France', 'FR', 'FRA', 1),
(74, 'France, Metropolitan', 'FX', 'FXX', 1),
(75, 'French Guiana', 'GF', 'GUF', 0),
(76, 'French Polynesia', 'PF', 'PYF', 0),
(77, 'French Southern Territories', 'TF', 'ATF', 1),
(78, 'Gabon', 'GA', 'GAB', 0),
(79, 'Gambia', 'GM', 'GMB', 0),
(80, 'Georgia', 'GE', 'GEO', 1),
(81, 'Germany', 'DE', 'DEU', 1),
(82, 'Ghana', 'GH', 'GHA', 0),
(83, 'Gibraltar', 'GI', 'GIB', 0),
(84, 'Greece', 'GR', 'GRC', 1),
(85, 'Greenland', 'GL', 'GRL', 1),
(86, 'Grenada', 'GD', 'GRD', 0),
(87, 'Guadeloupe', 'GP', 'GLP', 0),
(88, 'Guam', 'GU', 'GUM', 0),
(89, 'Guatemala', 'GT', 'GTM', 0),
(90, 'Guinea', 'GN', 'GIN', 0),
(91, 'Guinea-bissau', 'GW', 'GNB', 0),
(92, 'Guyana', 'GY', 'GUY', 0),
(93, 'Haiti', 'HT', 'HTI', 0),
(94, 'Heard and Mc Donald Islands', 'HM', 'HMD', 1),
(95, 'Honduras', 'HN', 'HND', 0),
(96, 'Hong Kong', 'HK', 'HKG', 0),
(97, 'Hungary', 'HU', 'HUN', 1),
(98, 'Iceland', 'IS', 'ISL', 1),
(99, 'India', 'IN', 'IND', 1),
(100, 'Indonesia', 'ID', 'IDN', 1),
(101, 'Iran (Islamic Republic of)', 'IR', 'IRN', 1),
(102, 'Iraq', 'IQ', 'IRQ', 0),
(103, 'Ireland', 'IE', 'IRL', 0),
(104, 'Israel', 'IL', 'ISR', 1),
(105, 'Italy', 'IT', 'ITA', 1),
(106, 'Jamaica', 'JM', 'JAM', 0),
(107, 'Japan', 'JP', 'JPN', 1),
(108, 'Jordan', 'JO', 'JOR', 0),
(109, 'Kazakhstan', 'KZ', 'KAZ', 1),
(110, 'Kenya', 'KE', 'KEN', 0),
(111, 'Kiribati', 'KI', 'KIR', 0),
(112, 'North Korea', 'KP', 'PRK', 1),
(113, 'Korea, Republic of', 'KR', 'KOR', 1),
(114, 'Kuwait', 'KW', 'KWT', 0),
(115, 'Kyrgyzstan', 'KG', 'KGZ', 1),
(116, 'Lao People''s Democratic Republic', 'LA', 'LAO', 0),
(117, 'Latvia', 'LV', 'LVA', 1),
(118, 'Lebanon', 'LB', 'LBN', 0),
(119, 'Lesotho', 'LS', 'LSO', 0),
(120, 'Liberia', 'LR', 'LBR', 0),
(121, 'Libyan Arab Jamahiriya', 'LY', 'LBY', 1),
(122, 'Liechtenstein', 'LI', 'LIE', 1),
(123, 'Lithuania', 'LT', 'LTU', 1),
(124, 'Luxembourg', 'LU', 'LUX', 1),
(125, 'Macau', 'MO', 'MAC', 0),
(126, 'Macedonia', 'MK', 'MKD', 1),
(127, 'Madagascar', 'MG', 'MDG', 0),
(128, 'Malawi', 'MW', 'MWI', 1),
(129, 'Malaysia', 'MY', 'MYS', 1),
(130, 'Maldives', 'MV', 'MDV', 0),
(131, 'Mali', 'ML', 'MLI', 0),
(132, 'Malta', 'MT', 'MLT', 0),
(133, 'Marshall Islands', 'MH', 'MHL', 1),
(134, 'Martinique', 'MQ', 'MTQ', 1),
(135, 'Mauritania', 'MR', 'MRT', 0),
(136, 'Mauritius', 'MU', 'MUS', 0),
(137, 'Mayotte', 'YT', 'MYT', 1),
(138, 'Mexico', 'MX', 'MEX', 1),
(139, 'Micronesia, Federated States of', 'FM', 'FSM', 1),
(140, 'Moldova, Republic of', 'MD', 'MDA', 1),
(141, 'Monaco', 'MC', 'MCO', 1),
(142, 'Mongolia', 'MN', 'MNG', 1),
(143, 'Montserrat', 'MS', 'MSR', 0),
(144, 'Morocco', 'MA', 'MAR', 0),
(145, 'Mozambique', 'MZ', 'MOZ', 0),
(146, 'Myanmar', 'MM', 'MMR', 1),
(147, 'Namibia', 'NA', 'NAM', 0),
(148, 'Nauru', 'NR', 'NRU', 1),
(149, 'Nepal', 'NP', 'NPL', 0),
(150, 'Netherlands', 'NL', 'NLD', 1),
(151, 'Netherlands Antilles', 'AN', 'ANT', 0),
(152, 'New Caledonia', 'NC', 'NCL', 0),
(153, 'New Zealand', 'NZ', 'NZL', 1),
(154, 'Nicaragua', 'NI', 'NIC', 0),
(155, 'Niger', 'NE', 'NER', 0),
(156, 'Nigeria', 'NG', 'NGA', 0),
(157, 'Niue', 'NU', 'NIU', 1),
(158, 'Norfolk Island', 'NF', 'NFK', 0),
(159, 'Northern Mariana Islands', 'MP', 'MNP', 0),
(160, 'Norway', 'NO', 'NOR', 1),
(161, 'Oman', 'OM', 'OMN', 0),
(162, 'Pakistan', 'PK', 'PAK', 1),
(163, 'Palau', 'PW', 'PLW', 1),
(164, 'Panama', 'PA', 'PAN', 0),
(165, 'Papua New Guinea', 'PG', 'PNG', 0),
(166, 'Paraguay', 'PY', 'PRY', 0),
(167, 'Peru', 'PE', 'PER', 0),
(168, 'Philippines', 'PH', 'PHL', 1),
(169, 'Pitcairn', 'PN', 'PCN', 1),
(170, 'Poland', 'PL', 'POL', 1),
(171, 'Portugal', 'PT', 'PRT', 1),
(172, 'Puerto Rico', 'PR', 'PRI', 1),
(173, 'Qatar', 'QA', 'QAT', 0),
(174, 'Reunion', 'RE', 'REU', 1),
(175, 'Romania', 'RO', 'ROM', 1),
(176, 'Russian Federation', 'RU', 'RUS', 1),
(177, 'Rwanda', 'RW', 'RWA', 0),
(178, 'Saint Kitts and Nevis', 'KN', 'KNA', 1),
(179, 'Saint Lucia', 'LC', 'LCA', 1),
(180, 'Saint Vincent and the Grenadines', 'VC', 'VCT', 1),
(181, 'Samoa', 'WS', 'WSM', 1),
(182, 'San Marino', 'SM', 'SMR', 1),
(183, 'Sao Tome and Principe', 'ST', 'STP', 1),
(184, 'Saudi Arabia', 'SA', 'SAU', 1),
(185, 'Senegal', 'SN', 'SEN', 0),
(186, 'Seychelles', 'SC', 'SYC', 0),
(187, 'Sierra Leone', 'SL', 'SLE', 0),
(188, 'Singapore', 'SG', 'SGP', 1),
(189, 'Slovak Republic', 'SK', 'SVK', 1),
(190, 'Slovenia', 'SI', 'SVN', 1),
(191, 'Solomon Islands', 'SB', 'SLB', 0),
(192, 'Somalia', 'SO', 'SOM', 1),
(193, 'South Africa', 'ZA', 'ZAF', 1),
(194, 'South Georgia &amp; South Sandwich Islands', 'GS', 'SGS', 1),
(195, 'Spain', 'ES', 'ESP', 1),
(196, 'Sri Lanka', 'LK', 'LKA', 1),
(197, 'St. Helena', 'SH', 'SHN', 1),
(198, 'St. Pierre and Miquelon', 'PM', 'SPM', 1),
(199, 'Sudan', 'SD', 'SDN', 1),
(200, 'Suriname', 'SR', 'SUR', 0),
(201, 'Svalbard and Jan Mayen Islands', 'SJ', 'SJM', 1),
(202, 'Swaziland', 'SZ', 'SWZ', 0),
(203, 'Sweden', 'SE', 'SWE', 1),
(204, 'Switzerland', 'CH', 'CHE', 1),
(205, 'Syrian Arab Republic', 'SY', 'SYR', 0),
(206, 'Taiwan', 'TW', 'TWN', 1),
(207, 'Tajikistan', 'TJ', 'TJK', 1),
(208, 'Tanzania, United Republic of', 'TZ', 'TZA', 0),
(209, 'Thailand', 'TH', 'THA', 1),
(210, 'Togo', 'TG', 'TGO', 0),
(211, 'Tokelau', 'TK', 'TKL', 1),
(212, 'Tonga', 'TO', 'TON', 0),
(213, 'Trinidad and Tobago', 'TT', 'TTO', 0),
(214, 'Tunisia', 'TN', 'TUN', 0),
(215, 'Turkey', 'TR', 'TUR', 1),
(216, 'Turkmenistan', 'TM', 'TKM', 1),
(217, 'Turks and Caicos Islands', 'TC', 'TCA', 0),
(218, 'Tuvalu', 'TV', 'TUV', 0),
(219, 'Uganda', 'UG', 'UGA', 0),
(220, 'Ukraine', 'UA', 'UKR', 1),
(221, 'United Arab Emirates', 'AE', 'ARE', 0),
(222, 'United Kingdom', 'GB', 'GBR', 1),
(223, 'United States', 'US', 'USA', 1),
(224, 'United States Minor Outlying Islands', 'UM', 'UMI', 1),
(225, 'Uruguay', 'UY', 'URY', 1),
(226, 'Uzbekistan', 'UZ', 'UZB', 1),
(227, 'Vanuatu', 'VU', 'VUT', 0),
(228, 'Vatican City State (Holy See)', 'VA', 'VAT', 1),
(229, 'Venezuela', 'VE', 'VEN', 0),
(230, 'Viet Nam', 'VN', 'VNM', 1),
(231, 'Virgin Islands (British)', 'VG', 'VGB', 0),
(232, 'Virgin Islands (U.S.)', 'VI', 'VIR', 1),
(233, 'Wallis and Futuna Islands', 'WF', 'WLF', 0),
(234, 'Western Sahara', 'EH', 'ESH', 1),
(235, 'Yemen', 'YE', 'YEM', 0),
(236, 'Yugoslavia', 'YU', 'YUG', 1),
(237, 'Democratic Republic of Congo', 'CD', 'COD', 1),
(238, 'Zambia', 'ZM', 'ZMB', 0),
(239, 'Zimbabwe', 'ZW', 'ZWE', 0),
(240, 'Channel Islands', 'CI', 'CHI', 0),
(241, 'Serbia (Republic of)', 'RS', 'SRB', 0),
(242, 'Montenegro (Republic of)', 'ME', 'MNE', 0);

INSERT INTO `user` (`id`, `first_name`, `last_name`, `email`, `password`, `salt`, `security_question`, `security_answer`) VALUES
(1, 'admin', 'admin', 'admin@happylucky.com', 'e3eb7f17b3516e104656686648a88073af4dab50', 'c13fe37efaa711de8272f1a726bc1413', 'Which year is this project started?', '2011');

INSERT INTO `monk` (`id`, `monk_name`, `monk_story`) VALUES 
(1, 'Ah Chan Tim', 'As a head of Wat Chang Hai on Year 24??. He has made a lot of Amulet---Long Phor Thuad....'),
(2, 'Ah Chan Do', 'The most famous and the most valuable Amulet he had made is Somdej, or we call it---Somdej Wat Ra Kang. At some time in the past, an anonymous exchange his amulet with a banglo....'),
(3, 'Long Phor Thuad', 'A very peace monk. He meet a snake when he was a child.....'),
(4, 'Long Phor Tim', 'A monk that come out with the most famous Kun Peng (amulet).....'),
(5, 'Than Tit', 'Currently he is famous in Kelantan, Malaysia. A lot of people like his amulet.....'),
(6, 'Tok Raja', 'Khron Ratchanaren (known as Tok Raja) was born on Thursday December 1, BE2419 (1876). He was sent to Wat Uttamaram by his parents when he was 12 years old to learn Buddhism and Thai language. He stayed with Archan Lok who was the temple Chief Abbot at that time. Tok had showed great interest in Buddhism and became a "Dek Jom" under the supervision of Bhikkhu (monks) in the temple. Besides, he also learned crafting and construction. He once told the devotees that even from an early age, he cherished the ambition of joining the monk hood and stay in the temple to learn Buddhism unlike his other kampung (village) boys of the same age who more preferred to stay in their homes in the kampung.'),
(7, 'Than Chan', 'His master is Tok Raja......'),
(8, 'Than Lek', 'His amulet currently famous in Kelantan, Malaysia.'),
(9, 'Chao Kun Onn', 'He is famous on making Phra Pita.....The solid\'s favourite'),
(10, 'Ah Chan Deng', 'He is a head of Wat Sai Kao which also come out a lot of Long Phor Thuad.....'),
(11, 'Ah Chan Kao', 'He is after the Ah Chan Tim then he became the head of Wat Chang Hai......'),
(12, 'Phor Than Klai', 'Luang Phor Klai (Phor Than Klai) is one of the respectable monk and famous southern monk. It was rumored that whatever he said or predicted, often came true, and that is why he was given the title "Golden Mouth" (金口和尚) by many. When Luang Phor Klai was 14 years old, he went with his uncle to chop firewood and the tree he was chopping fell towards him and squashed his left leg. Luang Phor Klai though it was nothing much just a small injury and did not seek for medical attention, but eventually it become worse and worse. His left ankle was shattered upon inspection, it swelled till very big, started going gangreous and the pain was unbearable couldn\'t be cured.....');

INSERT INTO `amulet_type` (`id`, `amulet_type_name`, `amulet_desc`) VALUES 
(1, 'Long Phor Thuad', 'This amulet is very good in driving. It can keep you safety.'),
(2, 'Kun Peng', 'This amulet will make your social relation good...'),
(3, 'Phor Than Klai', 'A rumor said, once you possess his amulet, your dream will become true.....');

INSERT INTO `amulet` (`id`, `amulet_code`, `amulet_name`, `amulet_desc`,
`produced_date`, `produced_place`, `monk_id`, `amulet_type_id`) VALUES 
(1, 'A001', 'Rang tao lek', 'Made in year 2505, made by Ah Chan Tim...',
    '2505', 'Wat Chang Hai', 1, 1),
(2, 'A002', 'Phor Than Klai 2505', 'Made in year 2505, made by Phor Than Klai',
    '2505', 'Wat Suan Kan', 12, 3);

INSERT INTO `amulet_product` (`id`, `size`, `ingredient`, `amulet_id`) VALUES 
(1, 'Pin Lek (Small)', 'Nawa (Level 9 copper)', 1),
(2, 'Pin Kang (Medium)', 'Nawa (Level 9 copper)', 1),
(3, 'Pin Yai (Big)', 'Nawa (Level 9 copper)', 1),
(4, 'Pin Yai (Big)', 'Nawa (Level 9 copper)', 2),
(5, 'Pin Kang (Medium)', 'Nawa (Level 9 copper)', 2),
(6, 'Pin Lek (Small)', 'Nawa (Level 9 copper)', 2);

INSERT INTO `supplier` (`id`, `supplier_name`, `address`, `town`,
`postcode`, `city`, `state`, `country_id`, `contact_no`, `email`,
`contact_person`, `fax`) VALUES 
(1, 'Sampo Sdn. Bhd.', 'Jalan Kota Baru', 'Kota Baru', 12000, 'Kota Baru',
'Kelantan', 129, '010-23432423', 'solid@sampo.com', 'Mr. Solid',
'09-9777988'),
(2, 'Siam Beh', 'Jalan Tun Razak', 'Pudu', 54300, 'Pudu',
'Kuala Lumpur', 129, '019-3344890', 'siam@beh.com', 'Mr. Beh',
'03-29981234');

INSERT INTO `customer` (`id`, `first_name`, `last_name`, `address`, `town`,
`postcode`, `city`, `state`, `country_id`, `contact_no`, `email`,
`password`, `registration_date`, `sex`, `age`, `security_question`,
`security_answer`, `salt`, `is_verified`) VALUES 
(1, 'John', 'Rambo', 'Jalan Kota Baru', 'Kota Baru', 12000, 'Kota Baru',
'Kelantan', 129, '010-23432423', 'fbjslim@gmail.com',
'48367792e29476308ad94e26d9fc58e7552754bd', '1326472561', 'M', 25,
'What is your name?', 'John Rambo', 'c13fe37efaa711de8272f1a726bc1413', 1),
(2, 'English', 'Johnny', 'Jalan Genting Klang', 'Wangsa Maju', 53300, 'Setapak',
'Kuala Lumpur', 129, '010-3451234', 'jslim89@msn.com',
'48367792e29476308ad94e26d9fc58e7552754bd', '1326472561', 'M', 25,
'What is your name?', 'John Rambo', 'c13fe37efaa711de8272f1a726bc1413', 1);

INSERT INTO `product` (`id`, `product_code`, `product_name`, `product_desc`,
`standard_price`, `quantity_available`, `min_quantity`, `min_qty_alert`
, `total_num_sold`, `created_date`, `product_type`, `amulet_product_id`) VALUES 
(1, 'RTL2505A', 'Rang tao lek 2505 - Pin Lek', 'Made in year 2505, made by Ah Chan Tim',
    '20000.00', 5, 2, 1, 9, 1324746582, 'WHOLESALE', 1),
(2, 'RTL2505B', 'Rang tao lek 2505 - Pin Kang', 'Made in year 2505, made by Ah Chan Tim',
    '25000.00', 1, 1, 1, 1, 1324746582, 'RETAIL', 2),
(3, 'RTL2505C', 'Rang tao lek 2505 - Pin Yai', 'Made in year 2505, made by Ah Chan Tim',
    '30000.00', 1, 1, 1, 0, 1324746582, 'RETAIL', 3),
(4, 'PTK2505A', 'Phor Than klai 2505 - Pin Lek', 'Made in year 2505, made by Phor Than Klai',
    '3200.00', 5, 2, 1, 17, 1324746582, 'WHOLESALE', 6),
(5, 'PTK2505B', 'Phor Than klai 2505 - Pin Kang', 'Made in year 2505, made by Phor Than Klai',
    '5000.00', 2, 1, 1, 0, 1324746582, 'RETAIL', 5),
(6, 'PTK2505C', 'Phor Than klai 2505 - Pin Yai', 'Made in year 2505, made by Phor Than Klai',
    '9000.00', 1, 1, 1, 2, 1324746582, 'RETAIL', 4),
(7, 'GC01', 'Gold Casing', 'A very beautiful casing, this is suitable for copper type amulet...',
    '2500.00', 1, 1, 1, 2, 1324746582, 'RETAIL', null),
(8, 'GN01', 'Gold Necklace', 'A very beautiful necklace, got 7 hole which mean that can keep 7 amulets',
    '10000.00', 1, 1, 1, 1, 1324746582, 'RETAIL', null);

INSERT INTO `product_batch` (`id`, `unit_cost`, `stock_in_date`,
`batch_no`, `quantity_stock_in`, `product_id`, `supplier_id`) VALUES 
(1, 12000.00, 1324746582, 1, 5, 1, 1),
(2, 18000.00, 1324746582, 1, 2, 2, 2),
(3, 2000.00, 1324746582, 1, 5, 4, 1),
(4, 20000.00, 1324746582, 1, 1, 3, 2),
(5, 14000.00, 1326783977, 2, 6, 1, 2),
(6, 2300.00, 1326783977, 2, 6, 4, 2),
(7, 3000.00, 1324746582, 1, 1, 5, 1),
(8, 6000.00, 1324746582, 1, 3, 6, 1),
(9, 12000.00, 1326783977, 2, 1, 5, 1),
(10, 1800.00, 1324746582, 1, 3, 7, 1),
(11, 7000.00, 1324746582, 1, 2, 8, 2),
(12, 15000.00, 1324746882, 3, 3, 1, 2),
(13, 2500.00, 1324756882, 3, 4, 4, 2),
(14, 2700.00, 1324759882, 4, 7, 4, 1);

INSERT INTO `customer_order` (`id`, `customer_id`, `order_date`, `subtotal`,
`grand_total`, `shipping_address`, `shipping_town`, `shipping_postcode`,
`shipping_city`, `shipping_state`, `shipping_country_id`, `shipping_contact_no`,
`first_name`, `last_name`, `email`, `payment_method`, `payment_date`,
`shipping_cost`, `total_product_cost`, `order_status`) VALUES 
(1, 1, 1324746582, 79600.00, 79600.00, 'Jalan Kota Baru', 'Kota Baru', 12000, 'Kota Baru',
'Kelantan', 129, '010-23432423', 'John', 'Rambo', 'solid@sampo.com', 'Bank-In',
1324756582, 0.00, 49000.00, 'PENDING'),
(2, 2, 1324746582, 242800.00, 242800.00, 'Jalan Genting Klang', 'Wangsa Maju', 53300, 'Setapak',
'Kuala Lumpur', 129, '010-23432423', 'English', 'Johnny', 'test@try.com', 'Bank-In',
1324756582, 0.00, 146800.00, 'PENDING');

INSERT INTO `order_detail` (`id`, `product_id`, `quantity`, `unit_sell_price`,
`subtotal`, `total_cost`, `order_id`) VALUES
(1, 1, 3, 20000.00, 60000.00, 36000.00, 1),
(2, 4, 3, 3200.00, 9600.00, 6000.00, 1),
(3, 8, 1, 10000.00, 10000.00, 7000.00, 1),
(4, 2, 1, 25000.00, 25000.00, 18000.00, 2),
(5, 6, 2, 9000.00, 18000.00, 12000.00, 2),
(6, 7, 2, 2500.00, 5000.00, 3600.00, 2),
(7, 1, 6, 25000.00, 150000.00, 80000.00, 2),
(8, 4, 14, 3200.00, 44800.00, 33200.00, 2);
